<?xml version="1.0" encoding="UTF-8" standalone="no"?>
<registration_data version="1.0">
   <environment>
      <hostname>mduncan</hostname>
      <hostId/>
      <osName>Windows Vista</osName>
      <osVersion>6.0</osVersion>
      <osArchitecture>x86</osArchitecture>
      <systemModel>HP EliteBook 8440p</systemModel>
      <systemManufacturer>Hewlett-Packard</systemManufacturer>
      <cpuManufacturer>GenuineIntel</cpuManufacturer>
      <serialNumber>CND0390HYX</serialNumber>
   </environment>
   <registry urn="urn:st:2b8c4b93-e544-45ec-bcc3-f0067dcf74a3" version="1.0">
      <service_tag>
         <instance_urn>urn:st:5d555c20-ffb6-4d05-ac85-7ca597244bfa</instance_urn>
         <product_name>Java SE 6 Runtime Environment</product_name>
         <product_version>1.6.0_25</product_version>
         <product_urn>urn:uuid:92d1de8c-1e59-42c6-a280-1c379526bcbc</product_urn>
         <product_parent_urn>urn:uuid:fdc90b21-018d-4cab-b866-612c7c119ed3</product_parent_urn>
         <product_parent>Java Platform Standard Edition 6 (Java SE 6)</product_parent>
         <product_defined_inst_id>id=1.6.0_25-b06 x86,dir=C:\Program Files\Java\jre6</product_defined_inst_id>
         <product_vendor>Sun Microsystems</product_vendor>
         <platform_arch>x86</platform_arch>
         <timestamp>2011-05-18 08:06:47 GMT</timestamp>
         <container>global</container>
         <source>Windows JRE installer</source>
         <installer_uid>-1</installer_uid>
      </service_tag>
   </registry>
</registration_data>
